route,platform,uav_id,edge_seq,from_node_id,to_node_id,direct_distance_km,safe_detour_distance_km,straight_segment_intersects_nfz,detoured,wkt
Route 1,P01,UAV-A01,1,P01,M001,0.2554496180715437,0.2554496180715437,0,0,"LINESTRING(601.875 6948.557, 857.204 6940.693)"
Route 1,P01,UAV-A01,2,M001,M002,0.3821516143594416,0.3821516143594416,0,0,"LINESTRING(857.204 6940.693, 1177.843 7148.612)"
Route 1,P01,UAV-A01,3,M002,M012,0.5599777231051302,0.5599777231051302,0,0,"LINESTRING(1177.843 7148.612, 1540.420 6721.865)"
Route 1,P01,UAV-A01,4,M012,M017,0.8731200288199662,0.8731200288199662,0,0,"LINESTRING(1540.420 6721.865, 1200.913 5917.456)"
Route 1,P01,UAV-A01,5,M017,M016,0.33031172480462795,0.33031172480462795,0,0,"LINESTRING(1200.913 5917.456, 1468.214 6111.507)"
Route 1,P01,UAV-A01,6,M016,M015,0.37067215544156223,0.37067215544156223,0,0,"LINESTRING(1468.214 6111.507, 1776.762 6316.924)"
Route 1,P01,UAV-A01,7,M015,M014,0.35066807732626926,0.35066807732626926,0,0,"LINESTRING(1776.762 6316.924, 2051.670 6534.625)"
Route 1,P01,UAV-A01,8,M014,M013,0.44693423040455976,0.44693423040455976,0,0,"LINESTRING(2051.670 6534.625, 1863.104 6939.833)"
Route 1,P01,UAV-A01,9,M013,M011,0.54604141154009,0.54604141154009,0,0,"LINESTRING(1863.104 6939.833, 1502.753 7350.086)"
Route 1,P01,UAV-A01,10,M011,M010,0.5061001052113955,0.5061001052113955,0,0,"LINESTRING(1502.753 7350.086, 1188.905 7747.122)"
Route 1,P01,UAV-A01,11,M010,M003,0.38199704166381204,0.38199704166381204,0,0,"LINESTRING(1188.905 7747.122, 867.959 7539.961)"
Route 1,P01,UAV-A01,12,M003,M009,0.6544050006420055,0.6544050006420055,0,0,"LINESTRING(867.959 7539.961, 893.055 8193.884)"
Route 1,P01,UAV-A01,13,M009,M008,0.4038124733763837,0.4038124733763837,0,0,"LINESTRING(893.055 8193.884, 537.737 8002.015)"
Route 1,P01,UAV-A01,14,M008,M007,0.3978525105249623,0.3978525105249623,0,0,"LINESTRING(537.737 8002.015, 215.662 7768.446)"
Route 1,P01,UAV-A01,15,M007,M006,0.24475799556880357,0.24475799556880357,0,0,"LINESTRING(215.662 7768.446, 0.000 7652.704)"
Route 1,P01,UAV-A01,16,M006,M005,0.5294871750775008,0.5294871750775008,0,0,"LINESTRING(0.000 7652.704, 224.315 7173.079)"
Route 1,P01,UAV-A01,17,M005,M004,0.3744310324543087,0.3744310324543087,0,0,"LINESTRING(224.315 7173.079, 556.586 7345.689)"
Route 1,P01,UAV-A01,18,M004,P01,0.39970629746800385,0.39970629746800385,0,0,"LINESTRING(556.586 7345.689, 601.875 6948.557)"
Route 2,P02,UAV-B01,1,P02,M024,0.3406339579402003,0.3406339579402003,0,0,"LINESTRING(2803.169 3829.340, 2589.640 4094.739)"
Route 2,P02,UAV-B01,2,M024,M025,0.37369076076375773,0.37369076076375773,0,0,"LINESTRING(2589.640 4094.739, 2348.723 4380.403)"
Route 2,P02,UAV-B01,3,M025,M018,2.3920925791603342,3.254728305433865,1,1,"LINESTRING(2348.723 4380.403, 2348.723 5062.555, 1182.596 5062.555, 1182.596 6469.004)"
Route 2,P02,UAV-B01,4,M018,M019,0.32981791515566933,0.32981791515566933,0,0,"LINESTRING(1182.596 6469.004, 876.591 6345.956)"
Route 2,P02,UAV-B01,5,M019,M020,0.4934845947031382,0.4934845947031382,0,0,"LINESTRING(876.591 6345.956, 587.191 6745.674)"
Route 2,P02,UAV-B01,6,M020,M039,2.2271124615078137,2.2271124615078137,0,0,"LINESTRING(587.191 6745.674, 1084.498 8916.553)"
Route 2,P02,UAV-B01,7,M039,M038,0.5913794119552268,0.5913794119552268,0,0,"LINESTRING(1084.498 8916.553, 1545.292 9287.225)"
Route 2,P02,UAV-B01,8,M038,M037,0.4856086492140676,0.4856086492140676,0,0,"LINESTRING(1545.292 9287.225, 1960.683 9538.753)"
Route 2,P02,UAV-B01,9,M037,M036,0.560180898148269,0.560180898148269,0,0,"LINESTRING(1960.683 9538.753, 2317.888 9107.236)"
Route 2,P02,UAV-B01,10,M036,M035,1.1216050873820915,1.1216050873820915,0,0,"LINESTRING(2317.888 9107.236, 2928.627 8166.494)"
Route 2,P02,UAV-B01,11,M035,M034,1.108082083837935,1.108082083837935,0,0,"LINESTRING(2928.627 8166.494, 3342.197 7138.483)"
Route 2,P02,UAV-B01,12,M034,M033,0.3545887173651519,0.3545887173651519,0,0,"LINESTRING(3342.197 7138.483, 3062.592 6920.414)"
Route 2,P02,UAV-B01,13,M033,M032,0.5364596093488864,0.5364596093488864,0,0,"LINESTRING(3062.592 6920.414, 2570.986 6705.676)"
Route 2,P02,UAV-B01,14,M032,M031,0.25012263260210393,0.25012263260210393,0,0,"LINESTRING(2570.986 6705.676, 2667.318 6474.849)"
Route 2,P02,UAV-B01,15,M031,M030,0.4058260585796227,0.4058260585796227,0,0,"LINESTRING(2667.318 6474.849, 2527.369 6093.917)"
Route 2,P02,UAV-B01,16,M030,M029,0.6305325478321716,0.6305325478321716,0,0,"LINESTRING(2527.369 6093.917, 2805.329 5527.958)"
Route 2,P02,UAV-B01,17,M029,M028,0.4597697332009312,0.4597697332009312,0,0,"LINESTRING(2805.329 5527.958, 2925.493 5084.169)"
Route 2,P02,UAV-B01,18,M028,M027,0.29465811553229115,0.29465811553229115,0,0,"LINESTRING(2925.493 5084.169, 2854.072 4798.297)"
Route 2,P02,UAV-B01,19,M027,M026,0.32073451390347724,0.32073451390347724,0,0,"LINESTRING(2854.072 4798.297, 2594.793 4609.499)"
Route 2,P02,UAV-B01,20,M026,M023,0.5509310701237409,0.5509310701237409,0,0,"LINESTRING(2594.793 4609.499, 3084.246 4356.594)"
Route 2,P02,UAV-B01,21,M023,M022,0.5484729688492012,0.5484729688492012,0,0,"LINESTRING(3084.246 4356.594, 3424.657 3926.544)"
Route 2,P02,UAV-B01,22,M022,M021,0.2460528593004408,0.2460528593004408,0,0,"LINESTRING(3424.657 3926.544, 3267.712 3737.044)"
Route 2,P02,UAV-B01,23,M021,P02,0.47362301359629766,0.47362301359629766,0,0,"LINESTRING(3267.712 3737.044, 2803.169 3829.340)"
Route 3,P03,UAV-C01,1,P03,M051,1.5476819848149812,1.5476819848149812,0,0,"LINESTRING(4172.744 1849.915, 2726.624 2401.328)"
Route 3,P03,UAV-C01,2,M051,M050,0.4523211283854808,0.4523211283854808,0,0,"LINESTRING(2726.624 2401.328, 2355.212 2143.166)"
Route 3,P03,UAV-C01,3,M050,M049,0.40220300752144256,0.40220300752144256,0,0,"LINESTRING(2355.212 2143.166, 2022.804 1916.733)"
Route 3,P03,UAV-C01,4,M049,M048,0.519258888425568,0.519258888425568,0,0,"LINESTRING(2022.804 1916.733, 1730.861 2346.150)"
Route 3,P03,UAV-C01,5,M048,M054,0.4875728585059236,0.4875728585059236,0,0,"LINESTRING(1730.861 2346.150, 2151.388 2592.899)"
Route 3,P03,UAV-C01,6,M054,M055,0.4675303255246753,0.4675303255246753,0,0,"LINESTRING(2151.388 2592.899, 1869.409 2965.824)"
Route 3,P03,UAV-C01,7,M055,M047,0.7015612086070818,0.7015612086070818,0,0,"LINESTRING(1869.409 2965.824, 1194.412 3157.047)"
Route 3,P03,UAV-C01,8,M047,M046,1.0012295217540528,1.0012295217540528,0,0,"LINESTRING(1194.412 3157.047, 627.001 3981.975)"
Route 3,P03,UAV-C01,9,M046,M045,0.46839055093228626,0.46839055093228626,0,0,"LINESTRING(627.001 3981.975, 833.410 4402.433)"
Route 3,P03,UAV-C01,10,M045,M044,0.3093231761275634,0.3093231761275634,0,0,"LINESTRING(833.410 4402.433, 1082.588 4585.712)"
Route 3,P03,UAV-C01,11,M044,M043,0.3885594243602101,0.3885594243602101,0,0,"LINESTRING(1082.588 4585.712, 1288.904 4914.972)"
Route 3,P03,UAV-C01,12,M043,M040,3.573094576023931,3.7445631250287787,1,1,"LINESTRING(1288.904 4914.972, 1288.904 5062.555, 1113.109 5062.555, 1113.109 8483.740)"
Route 3,P03,UAV-C01,13,M040,M041,0.9387079884951506,0.9387079884951506,0,0,"LINESTRING(1113.109 8483.740, 1687.147 7741.006)"
Route 3,P03,UAV-C01,14,M041,M042,1.4572393804529715,1.4572393804529715,0,0,"LINESTRING(1687.147 7741.006, 2258.213 6400.324)"
Route 3,P03,UAV-C01,15,M042,M059,2.214804390586942,3.583090508623596,1,1,"LINESTRING(2258.213 6400.324, 2623.442 6400.324, 2623.442 4327.245, 1478.659 4327.245)"
Route 3,P03,UAV-C01,16,M059,M058,0.4699772859877846,0.4699772859877846,0,0,"LINESTRING(1478.659 4327.245, 1114.246 4030.460)"
Route 3,P03,UAV-C01,17,M058,M060,0.8099278485315468,0.8099278485315468,0,0,"LINESTRING(1114.246 4030.460, 1923.696 4002.635)"
Route 3,P03,UAV-C01,18,M060,M057,0.38992655131580783,0.38992655131580783,0,0,"LINESTRING(1923.696 4002.635, 1938.783 3613.000)"
Route 3,P03,UAV-C01,19,M057,M056,0.5563220351717174,0.5563220351717174,0,0,"LINESTRING(1938.783 3613.000, 2466.415 3436.650)"
Route 3,P03,UAV-C01,20,M056,M053,0.4530673792684017,0.4530673792684017,0,0,"LINESTRING(2466.415 3436.650, 2811.697 3143.308)"
Route 3,P03,UAV-C01,21,M053,M052,0.38749771548794515,0.38749771548794515,0,0,"LINESTRING(2811.697 3143.308, 3034.854 2826.518)"
Route 3,P03,UAV-C01,22,M052,P03,1.4995157752152555,1.4995157752152555,0,0,"LINESTRING(3034.854 2826.518, 4172.744 1849.915)"
Route 4,P04,UAV-B02,1,P04,M073,1.1105720036119016,1.1105720036119016,0,0,"LINESTRING(2262.633 6979.717, 2908.823 6076.496)"
Route 4,P04,UAV-B02,2,M073,M072,0.8050402206537629,0.8050402206537629,0,0,"LINESTRING(2908.823 6076.496, 3377.709 5422.098)"
Route 4,P04,UAV-B02,3,M072,M069,0.8543148482308807,0.8543148482308807,0,0,"LINESTRING(3377.709 5422.098, 3469.342 4572.712)"
Route 4,P04,UAV-B02,4,M069,M066,2.08212851941933,2.08212851941933,0,0,"LINESTRING(3469.342 4572.712, 3360.379 2493.437)"
Route 4,P04,UAV-B02,5,M066,M065,0.5973089067344513,0.5973089067344513,0,0,"LINESTRING(3360.379 2493.437, 3713.836 2011.933)"
Route 4,P04,UAV-B02,6,M065,M064,0.47656167148946993,0.47656167148946993,0,0,"LINESTRING(3713.836 2011.933, 4120.926 2259.701)"
Route 4,P04,UAV-B02,7,M064,M061,0.5849662239360921,0.5849662239360921,0,0,"LINESTRING(4120.926 2259.701, 4492.738 1808.102)"
Route 4,P04,UAV-B02,8,M061,M062,0.40075596749286496,0.40075596749286496,0,0,"LINESTRING(4492.738 1808.102, 4805.580 2058.572)"
Route 4,P04,UAV-B02,9,M062,M063,0.5320011447205835,0.5320011447205835,0,0,"LINESTRING(4805.580 2058.572, 4493.517 2489.433)"
Route 4,P04,UAV-B02,10,M063,M067,0.7301353310823344,0.7301353310823344,0,0,"LINESTRING(4493.517 2489.433, 3834.963 2804.718)"
Route 4,P04,UAV-B02,11,M067,M068,0.8366921565199873,0.8366921565199873,0,0,"LINESTRING(3834.963 2804.718, 3646.371 3619.879)"
Route 4,P04,UAV-B02,12,M068,M070,1.2045195240608104,1.2045195240608104,0,0,"LINESTRING(3646.371 3619.879, 3801.010 4814.431)"
Route 4,P04,UAV-B02,13,M070,M078,0.5565643770086673,0.5565643770086673,0,0,"LINESTRING(3801.010 4814.431, 4355.882 4771.055)"
Route 4,P04,UAV-B02,14,M078,M076,0.5494240748350022,0.5494240748350022,0,0,"LINESTRING(4355.882 4771.055, 4493.574 5302.946)"
Route 4,P04,UAV-B02,15,M076,M077,0.29077611983728135,0.29077611983728135,0,0,"LINESTRING(4493.574 5302.946, 4207.961 5248.394)"
Route 4,P04,UAV-B02,16,M077,M071,0.5933197905271511,0.5933197905271511,0,0,"LINESTRING(4207.961 5248.394, 3750.938 5626.758)"
Route 4,P04,UAV-B02,17,M071,M075,0.43359593538673524,0.43359593538673524,0,0,"LINESTRING(3750.938 5626.758, 4114.701 5862.728)"
Route 4,P04,UAV-B02,18,M075,M074,0.8335675540444284,0.8335675540444284,0,0,"LINESTRING(4114.701 5862.728, 3608.223 6524.781)"
Route 4,P04,UAV-B02,19,M074,P04,1.4204152767072393,1.4204152767072393,0,0,"LINESTRING(3608.223 6524.781, 2262.633 6979.717)"
Route 5,P05,UAV-C02,1,P05,M079,1.8718482189887227,1.8718482189887227,0,0,"LINESTRING(3319.960 6315.774, 4112.395 4619.938)"
Route 5,P05,UAV-C02,2,M079,M080,0.46016618235504914,0.46016618235504914,0,0,"LINESTRING(4112.395 4619.938, 3722.147 4376.094)"
Route 5,P05,UAV-C02,3,M080,M081,1.2192061236748883,1.2192061236748883,0,0,"LINESTRING(3722.147 4376.094, 4036.677 3198.158)"
Route 5,P05,UAV-C02,4,M081,M082,1.020692346424804,1.020692346424804,0,0,"LINESTRING(4036.677 3198.158, 4853.714 2586.388)"
Route 5,P05,UAV-C02,5,M082,M083,0.6864246854600693,0.6864246854600693,0,0,"LINESTRING(4853.714 2586.388, 5386.451 2153.525)"
Route 5,P05,UAV-C02,6,M083,M084,0.4857513458037086,0.4857513458037086,0,0,"LINESTRING(5386.451 2153.525, 5776.841 1864.475)"
Route 5,P05,UAV-C02,7,M084,M085,0.7618221543912275,0.7618221543912275,0,0,"LINESTRING(5776.841 1864.475, 6293.412 1304.540)"
Route 5,P05,UAV-C02,8,M085,M090,1.0885280167009905,1.0885280167009905,0,0,"LINESTRING(6293.412 1304.540, 5220.806 1490.038)"
Route 5,P05,UAV-C02,9,M090,M089,0.5672999324860704,0.5672999324860704,0,0,"LINESTRING(5220.806 1490.038, 5529.103 1013.821)"
Route 5,P05,UAV-C02,10,M089,M086,0.38479043233615956,0.38479043233615956,0,0,"LINESTRING(5529.103 1013.821, 5820.971 763.069)"
Route 5,P05,UAV-C02,11,M086,M087,1.0367885732506013,1.0367885732506013,0,0,"LINESTRING(5820.971 763.069, 5119.075 0.000)"
Route 5,P05,UAV-C02,12,M087,M088,0.5884634234668022,0.5884634234668022,0,0,"LINESTRING(5119.075 0.000, 4733.639 444.666)"
Route 5,P05,UAV-C02,13,M088,M091,0.6155093663821211,0.6155093663821211,0,0,"LINESTRING(4733.639 444.666, 4427.468 978.624)"
Route 5,P05,UAV-C02,14,M091,M095,0.5460689336212966,0.5460689336212966,0,0,"LINESTRING(4427.468 978.624, 3908.841 1149.555)"
Route 5,P05,UAV-C02,15,M095,M092,0.8272757044752034,1.0629226594361347,1,1,"LINESTRING(3908.841 1149.555, 3908.841 448.026, 3621.800 448.026, 3621.800 373.673)"
Route 5,P05,UAV-C02,16,M092,M093,1.641584733911568,1.641584733911568,0,0,"LINESTRING(3621.800 373.673, 2561.894 1627.228)"
Route 5,P05,UAV-C02,17,M093,M094,0.5927580678592744,0.5927580678592744,0,0,"LINESTRING(2561.894 1627.228, 3004.006 2022.069)"
Route 5,P05,UAV-C02,18,M094,P05,4.3053144349656955,4.3053144349656955,0,0,"LINESTRING(3004.006 2022.069, 3319.960 6315.774)"
